{"invoices":[{"id":678236626,"userId":"U123456","name":"","phone":"34324","address":"","status":"Pending","subtotal":312.0,"discount":23.0,"taxRate":5.78,"amountPaid":32.0,"paymentType":"Cash","createdAt":"2024-12-23T13:07:04.986"},{"id":738684993,"userId":"U123456","name":"","phone":"2323","address":"","status":"Pending","subtotal":112.0,"discount":0.0,"taxRate":0.0,"amountPaid":0.0,"paymentType":"Cash","createdAt":"2024-12-19T16:25:23.848"},{"id":764930020,"userId":"U123456","name":"Aftab Shah","phone":"9481924680","address":"Hatta","status":"Pending","subtotal":330.0,"discount":30.0,"taxRate":54.0,"amountPaid":300.0,"paymentType":"Cash","createdAt":"2024-12-19T16:22:56.328"},{"id":791435152,"userId":"U123456","name":"Aftab Shah","phone":"9481924680","address":"Phouden","status":"Pending","subtotal":1180.0,"discount":180.0,"taxRate":180.0,"amountPaid":1000.0,"paymentType":"Cash","createdAt":"2024-12-19T16:15:25.079"}],"invoice_items":[{"id":16383,"invoiceId":"","itemName":"","quantity":0,"price":100.0,"total":0.0},{"id":19976,"invoiceId":"","itemName":"","quantity":0,"price":2.0,"total":0.0},{"id":23094,"invoiceId":"","itemName":"","quantity":0,"price":200.0,"total":0.0},{"id":28350,"invoiceId":"","itemName":"","quantity":0,"price":110.0,"total":0.0},{"id":32474,"invoiceId":"","itemName":"","quantity":0,"price":2.0,"total":0.0},{"id":38759,"invoiceId":"","itemName":"","quantity":0,"price":220.0,"total":0.0},{"id":83275,"invoiceId":"","itemName":"","quantity":0,"price":2.0,"total":0.0},{"id":93217,"invoiceId":"","itemName":"","quantity":0,"price":2.0,"total":0.0},{"id":24798851,"invoiceId":"535943991","itemName":"sasddad","quantity":1,"price":2.0,"total":3.0},{"id":191038107,"invoiceId":"678236626","itemName":"Chicken Birayani","quantity":1,"price":200.0,"total":201.0},{"id":258571798,"invoiceId":"678236626","itemName":"sasddad","quantity":1,"price":2.0,"total":3.0},{"id":355844296,"invoiceId":"764930020","itemName":"Beef Birayani","quantity":3,"price":110.0,"total":113.0},{"id":409069000,"invoiceId":"791435152","itemName":"Beef Birayani","quantity":4,"price":220.0,"total":224.0},{"id":473139124,"invoiceId":"30139672","itemName":"Beef Birayani","quantity":1,"price":110.0,"total":111.0},{"id":524893873,"invoiceId":"198432613","itemName":"s232","quantity":1,"price":2.0,"total":3.0},{"id":551878735,"invoiceId":"791435152","itemName":"Chicken Birayani","quantity":3,"price":100.0,"total":103.0},{"id":633015799,"invoiceId":"30139672","itemName":"sasddad","quantity":1,"price":2.0,"total":3.0},{"id":660620062,"invoiceId":"198432613","itemName":"Beef Birayani","quantity":1,"price":110.0,"total":111.0},{"id":698675457,"invoiceId":"738684993","itemName":"Beef Birayani","quantity":1,"price":110.0,"total":111.0},{"id":711686851,"invoiceId":"768532752","itemName":"sasddad","quantity":1,"price":2.0,"total":3.0},{"id":795736829,"invoiceId":"738684993","itemName":"sasddad","quantity":1,"price":2.0,"total":3.0},{"id":826535792,"invoiceId":"678236626","itemName":"Beef Birayani","quantity":1,"price":110.0,"total":111.0}],"menu_items":[{"id":16383,"itemName":"Chicken Birayani","price":100.0,"offerPrice":90.0,"stock":1000,"category":"Non-Vegetable","subCategory":"Chicken","unitType":"","description":"The traditional process of Chicken Biryani starts by marinating meat in yogurt along with spices and herbs. The raw/uncooked marinated meat is layered at the bottom of a wide pot followed by another layer of par cooked basmati rice, herbs, saffron infused milk, fried onions and ghee or attar (edible essential oil)","imageUrl":"C:\\Users\\print\\StudioProjects\\dinepos/dbImage/replicate-prediction-4mwvmfkj8drgm0cgqd5sw6py4g.png","quantity":0},{"id":19976,"itemName":"s232","price":2.0,"offerPrice":3.0,"stock":3,"category":"Vegetable","subCategory":null,"unitType":"Full","description":"3","imageUrl":"C:\\Users\\print\\StudioProjects\\dinepos/dbImage/1709301084585.jpeg","quantity":0},{"id":23094,"itemName":"Chicken Birayani","price":200.0,"offerPrice":180.0,"stock":1000,"category":"Non-Vegetable","subCategory":"Chicken","unitType":"Full","description":"The traditional process of Chicken Biryani starts by marinating meat in yogurt along with spices and herbs. The raw/uncooked marinated meat is layered at the bottom of a wide pot followed by another layer of par cooked basmati rice, herbs, saffron infused milk, fried onions and ghee or attar (edible essential oil)","imageUrl":"C:\\Users\\print\\StudioProjects\\dinepos/dbImage/chicken_birayani.jpg","quantity":0},{"id":28350,"itemName":"Beef Birayani","price":110.0,"offerPrice":100.0,"stock":1000,"category":"Non-Vegetable","subCategory":"Beef","unitType":"Half","description":"While the beef is cooking, mix the following together in a bowl: yogurt, coriander powder, red chili powder, turmeric, paprika, black pepper, nutmeg, mace, salt, green cardamoms, cloves, black cardamoms, cinnamon, bay leaf, and star anise. ","imageUrl":"C:\\Users\\print\\StudioProjects\\dinepos/dbImage/Malabar-Beef-biriyani-.jpeg","quantity":0},{"id":32474,"itemName":"sasddad","price":2.0,"offerPrice":3.0,"stock":3,"category":"Vegetable","subCategory":null,"unitType":"Full","description":"3","imageUrl":"C:\\Users\\print\\StudioProjects\\dinepos/dbImage/1709301084585.jpeg","quantity":0},{"id":38759,"itemName":"Beef Birayani","price":220.0,"offerPrice":200.0,"stock":1000,"category":"Non-Vegetable","subCategory":"Beef","unitType":"Full","description":"While the beef is cooking, mix the following together in a bowl: yogurt, coriander powder, red chili powder, turmeric, paprika, black pepper, nutmeg, mace, salt, green cardamoms, cloves, black cardamoms, cinnamon, bay leaf, and star anise. ","imageUrl":"C:\\Users\\print\\StudioProjects\\dinepos/dbImage/Malabar-Beef-biriyani-.jpeg","quantity":0},{"id":83275,"itemName":"svdsdfsd","price":2.0,"offerPrice":3.0,"stock":3,"category":"Vegetable","subCategory":null,"unitType":"Full","description":"3","imageUrl":"C:\\Users\\print\\StudioProjects\\dinepos/dbImage/1709301084585.jpeg","quantity":0},{"id":93217,"itemName":"s","price":2.0,"offerPrice":3.0,"stock":3,"category":"Vegetable","subCategory":null,"unitType":"Full","description":"3","imageUrl":"C:\\Users\\print\\StudioProjects\\dinepos/dbImage/1709301084585.jpeg","quantity":0}]}