{"invoices":[],"invoice_items":[{"id":16383,"invoiceId":"","itemName":"","quantity":0,"price":100.0,"total":0.0},{"id":19976,"invoiceId":"","itemName":"","quantity":0,"price":2.0,"total":0.0},{"id":23094,"invoiceId":"","itemName":"","quantity":0,"price":200.0,"total":0.0},{"id":28350,"invoiceId":"","itemName":"","quantity":0,"price":110.0,"total":0.0},{"id":32474,"invoiceId":"","itemName":"","quantity":0,"price":2.0,"total":0.0},{"id":38759,"invoiceId":"","itemName":"","quantity":0,"price":220.0,"total":0.0},{"id":83275,"invoiceId":"","itemName":"","quantity":0,"price":2.0,"total":0.0},{"id":93217,"invoiceId":"","itemName":"","quantity":0,"price":2.0,"total":0.0}],"menu_items":[{"id":16383,"name":"Chicken Birayani","price":100.0,"offerPrice":90.0,"stock":1000,"category":"Non-Vegetable","subCategory":"Chicken","unitType":"","description":"The traditional process of Chicken Biryani starts by marinating meat in yogurt along with spices and herbs. The raw/uncooked marinated meat is layered at the bottom of a wide pot followed by another layer of par cooked basmati rice, herbs, saffron infused milk, fried onions and ghee or attar (edible essential oil)","imageUrl":"C:\\Users\\print\\StudioProjects\\dinepos/dbImage/chicken_birayani.jpg","quantity":0},{"id":19976,"name":"s232","price":2.0,"offerPrice":3.0,"stock":3,"category":"Vegetable","subCategory":null,"unitType":"Full","description":"3","imageUrl":"C:\\Users\\print\\StudioProjects\\dinepos/dbImage/1709301084585.jpeg","quantity":0},{"id":23094,"name":"Chicken Birayani","price":200.0,"offerPrice":180.0,"stock":1000,"category":"Non-Vegetable","subCategory":"Chicken","unitType":"Full","description":"The traditional process of Chicken Biryani starts by marinating meat in yogurt along with spices and herbs. The raw/uncooked marinated meat is layered at the bottom of a wide pot followed by another layer of par cooked basmati rice, herbs, saffron infused milk, fried onions and ghee or attar (edible essential oil)","imageUrl":"C:\\Users\\print\\StudioProjects\\dinepos/dbImage/chicken_birayani.jpg","quantity":0},{"id":28350,"name":"Beef Birayani","price":110.0,"offerPrice":100.0,"stock":1000,"category":"Non-Vegetable","subCategory":"Beef","unitType":"Half","description":"While the beef is cooking, mix the following together in a bowl: yogurt, coriander powder, red chili powder, turmeric, paprika, black pepper, nutmeg, mace, salt, green cardamoms, cloves, black cardamoms, cinnamon, bay leaf, and star anise. ","imageUrl":"C:\\Users\\print\\StudioProjects\\dinepos/dbImage/Malabar-Beef-biriyani-.jpeg","quantity":0},{"id":32474,"name":"sasddad","price":2.0,"offerPrice":3.0,"stock":3,"category":"Vegetable","subCategory":null,"unitType":"Full","description":"3","imageUrl":"C:\\Users\\print\\StudioProjects\\dinepos/dbImage/1709301084585.jpeg","quantity":0},{"id":38759,"name":"Beef Birayani","price":220.0,"offerPrice":200.0,"stock":1000,"category":"Non-Vegetable","subCategory":"Beef","unitType":"Full","description":"While the beef is cooking, mix the following together in a bowl: yogurt, coriander powder, red chili powder, turmeric, paprika, black pepper, nutmeg, mace, salt, green cardamoms, cloves, black cardamoms, cinnamon, bay leaf, and star anise. ","imageUrl":"C:\\Users\\print\\StudioProjects\\dinepos/dbImage/Malabar-Beef-biriyani-.jpeg","quantity":0},{"id":83275,"name":"svdsdfsd","price":2.0,"offerPrice":3.0,"stock":3,"category":"Vegetable","subCategory":null,"unitType":"Full","description":"3","imageUrl":"C:\\Users\\print\\StudioProjects\\dinepos/dbImage/1709301084585.jpeg","quantity":0},{"id":93217,"name":"s","price":2.0,"offerPrice":3.0,"stock":3,"category":"Vegetable","subCategory":null,"unitType":"Full","description":"3","imageUrl":"C:\\Users\\print\\StudioProjects\\dinepos/dbImage/1709301084585.jpeg","quantity":0}]}